Model_and_Hyper_Parameters,Mean_Accuracy,Mean_Sensitivity,Mean_Specificity,Mean_Jaccard,Mean_ROC_AUC
"{'classifier': RandomForestClassifier(), 'classifier__bootstrap': True, 'classifier__criterion': 'gini', 'classifier__max_depth': 3, 'classifier__n_estimators': 50}",0.867251,0.966667,0.67619,0.832569,0.903157
"{'classifier': RandomForestClassifier(), 'classifier__bootstrap': True, 'classifier__criterion': 'gini', 'classifier__max_depth': 3, 'classifier__n_estimators': 100}",0.872807,0.966667,0.688095,0.838223,0.922232
"{'classifier': RandomForestClassifier(), 'classifier__bootstrap': True, 'classifier__criterion': 'gini', 'classifier__max_depth': 3, 'classifier__n_estimators': 200}",0.878363,0.966667,0.704762,0.84239,0.919595
"{'classifier': RandomForestClassifier(), 'classifier__bootstrap': True, 'classifier__criterion': 'gini', 'classifier__max_depth': 5, 'classifier__n_estimators': 50}",0.878363,0.958333,0.719048,0.841749,0.919984
"{'classifier': RandomForestClassifier(), 'classifier__bootstrap': True, 'classifier__criterion': 'gini', 'classifier__max_depth': 5, 'classifier__n_estimators': 100}",0.867251,0.958333,0.688095,0.830531,0.920304
"{'classifier': RandomForestClassifier(), 'classifier__bootstrap': True, 'classifier__criterion': 'gini', 'classifier__max_depth': 5, 'classifier__n_estimators': 200}",0.867251,0.95,0.702381,0.82989,0.925309
"{'classifier': RandomForestClassifier(), 'classifier__bootstrap': True, 'classifier__criterion': 'gini', 'classifier__max_depth': 10, 'classifier__n_estimators': 50}",0.867251,0.940909,0.721429,0.828562,0.927647
"{'classifier': RandomForestClassifier(), 'classifier__bootstrap': True, 'classifier__criterion': 'gini', 'classifier__max_depth': 10, 'classifier__n_estimators': 100}",0.883918,0.95,0.75,0.848544,0.919905
"{'classifier': RandomForestClassifier(), 'classifier__bootstrap': True, 'classifier__criterion': 'gini', 'classifier__max_depth': 10, 'classifier__n_estimators': 200}",0.878363,0.949242,0.735714,0.842134,0.915798
"{'classifier': RandomForestClassifier(), 'classifier__bootstrap': True, 'classifier__criterion': 'entropy', 'classifier__max_depth': 3, 'classifier__n_estimators': 50}",0.867251,0.958333,0.688095,0.832344,0.909362
"{'classifier': RandomForestClassifier(), 'classifier__bootstrap': True, 'classifier__criterion': 'entropy', 'classifier__max_depth': 3, 'classifier__n_estimators': 100}",0.867251,0.966667,0.67381,0.832985,0.929296
"{'classifier': RandomForestClassifier(), 'classifier__bootstrap': True, 'classifier__criterion': 'entropy', 'classifier__max_depth': 3, 'classifier__n_estimators': 200}",0.872807,0.958333,0.704762,0.834698,0.911691
"{'classifier': RandomForestClassifier(), 'classifier__bootstrap': True, 'classifier__criterion': 'entropy', 'classifier__max_depth': 5, 'classifier__n_estimators': 50}",0.878363,0.966667,0.704762,0.84239,0.918776
"{'classifier': RandomForestClassifier(), 'classifier__bootstrap': True, 'classifier__criterion': 'entropy', 'classifier__max_depth': 5, 'classifier__n_estimators': 100}",0.878363,0.966667,0.704762,0.84239,0.925549
"{'classifier': RandomForestClassifier(), 'classifier__bootstrap': True, 'classifier__criterion': 'entropy', 'classifier__max_depth': 5, 'classifier__n_estimators': 200}",0.878363,0.966667,0.704762,0.844203,0.921783
"{'classifier': RandomForestClassifier(), 'classifier__bootstrap': True, 'classifier__criterion': 'entropy', 'classifier__max_depth': 10, 'classifier__n_estimators': 50}",0.867544,0.934524,0.735714,0.826909,0.916483
"{'classifier': RandomForestClassifier(), 'classifier__bootstrap': True, 'classifier__criterion': 'entropy', 'classifier__max_depth': 10, 'classifier__n_estimators': 100}",0.889474,0.958333,0.75,0.856877,0.919135
"{'classifier': RandomForestClassifier(), 'classifier__bootstrap': True, 'classifier__criterion': 'entropy', 'classifier__max_depth': 10, 'classifier__n_estimators': 200}",0.883918,0.958333,0.735714,0.849826,0.92412
"{'classifier': RandomForestClassifier(), 'classifier__bootstrap': False, 'classifier__criterion': 'gini', 'classifier__max_depth': 3, 'classifier__n_estimators': 50}",0.845029,0.958333,0.62619,0.808164,0.896156
"{'classifier': RandomForestClassifier(), 'classifier__bootstrap': False, 'classifier__criterion': 'gini', 'classifier__max_depth': 3, 'classifier__n_estimators': 100}",0.845029,0.950641,0.642857,0.806992,0.9038
"{'classifier': RandomForestClassifier(), 'classifier__bootstrap': False, 'classifier__criterion': 'gini', 'classifier__max_depth': 3, 'classifier__n_estimators': 200}",0.861696,0.958333,0.67381,0.825293,0.916168
"{'classifier': RandomForestClassifier(), 'classifier__bootstrap': False, 'classifier__criterion': 'gini', 'classifier__max_depth': 5, 'classifier__n_estimators': 50}",0.861696,0.958333,0.671429,0.82685,0.923101
"{'classifier': RandomForestClassifier(), 'classifier__bootstrap': False, 'classifier__criterion': 'gini', 'classifier__max_depth': 5, 'classifier__n_estimators': 100}",0.85614,0.95,0.671429,0.817601,0.927209
"{'classifier': RandomForestClassifier(), 'classifier__bootstrap': False, 'classifier__criterion': 'gini', 'classifier__max_depth': 5, 'classifier__n_estimators': 200}",0.867251,0.958333,0.688095,0.832344,0.924631
"{'classifier': RandomForestClassifier(), 'classifier__bootstrap': False, 'classifier__criterion': 'gini', 'classifier__max_depth': 10, 'classifier__n_estimators': 50}",0.850877,0.925433,0.702381,0.809588,0.912201
"{'classifier': RandomForestClassifier(), 'classifier__bootstrap': False, 'classifier__criterion': 'gini', 'classifier__max_depth': 10, 'classifier__n_estimators': 100}",0.873099,0.933766,0.755714,0.834913,0.918556
"{'classifier': RandomForestClassifier(), 'classifier__bootstrap': False, 'classifier__criterion': 'gini', 'classifier__max_depth': 10, 'classifier__n_estimators': 200}",0.861988,0.925433,0.733333,0.82369,0.917037
"{'classifier': RandomForestClassifier(), 'classifier__bootstrap': False, 'classifier__criterion': 'entropy', 'classifier__max_depth': 3, 'classifier__n_estimators': 50}",0.861696,0.958333,0.67381,0.825293,0.900632
"{'classifier': RandomForestClassifier(), 'classifier__bootstrap': False, 'classifier__criterion': 'entropy', 'classifier__max_depth': 3, 'classifier__n_estimators': 100}",0.850585,0.950641,0.659524,0.814043,0.917346
"{'classifier': RandomForestClassifier(), 'classifier__bootstrap': False, 'classifier__criterion': 'entropy', 'classifier__max_depth': 3, 'classifier__n_estimators': 200}",0.85614,0.950641,0.67381,0.818626,0.896944
"{'classifier': RandomForestClassifier(), 'classifier__bootstrap': False, 'classifier__criterion': 'entropy', 'classifier__max_depth': 5, 'classifier__n_estimators': 50}",0.867251,0.966667,0.67381,0.832985,0.944122
"{'classifier': RandomForestClassifier(), 'classifier__bootstrap': False, 'classifier__criterion': 'entropy', 'classifier__max_depth': 5, 'classifier__n_estimators': 100}",0.861696,0.95,0.688095,0.824652,0.927257
"{'classifier': RandomForestClassifier(), 'classifier__bootstrap': False, 'classifier__criterion': 'entropy', 'classifier__max_depth': 5, 'classifier__n_estimators': 200}",0.85614,0.95,0.67381,0.817601,0.921374
"{'classifier': RandomForestClassifier(), 'classifier__bootstrap': False, 'classifier__criterion': 'entropy', 'classifier__max_depth': 10, 'classifier__n_estimators': 50}",0.850877,0.925433,0.702381,0.81087,0.904287
"{'classifier': RandomForestClassifier(), 'classifier__bootstrap': False, 'classifier__criterion': 'entropy', 'classifier__max_depth': 10, 'classifier__n_estimators': 100}",0.85614,0.923485,0.719048,0.814556,0.911662
"{'classifier': RandomForestClassifier(), 'classifier__bootstrap': False, 'classifier__criterion': 'entropy', 'classifier__max_depth': 10, 'classifier__n_estimators': 200}",0.867251,0.932576,0.733333,0.82994,0.917167
"{'classifier': GradientBoostingClassifier(), 'classifier__learning_rate': 0.1, 'classifier__max_depth': 3, 'classifier__n_estimators': 50}",0.878655,0.906377,0.818571,0.835646,0.899002
"{'classifier': GradientBoostingClassifier(), 'classifier__learning_rate': 0.1, 'classifier__max_depth': 3, 'classifier__n_estimators': 100}",0.861988,0.882018,0.818571,0.813503,0.900871
"{'classifier': GradientBoostingClassifier(), 'classifier__learning_rate': 0.1, 'classifier__max_depth': 3, 'classifier__n_estimators': 200}",0.850877,0.874442,0.798571,0.800243,0.905947
"{'classifier': GradientBoostingClassifier(), 'classifier__learning_rate': 0.1, 'classifier__max_depth': 5, 'classifier__n_estimators': 50}",0.878655,0.907892,0.818571,0.838338,0.867844
"{'classifier': GradientBoostingClassifier(), 'classifier__learning_rate': 0.1, 'classifier__max_depth': 5, 'classifier__n_estimators': 100}",0.873099,0.9002,0.818571,0.831195,0.870481
"{'classifier': GradientBoostingClassifier(), 'classifier__learning_rate': 0.1, 'classifier__max_depth': 5, 'classifier__n_estimators': 200}",0.873099,0.899559,0.818571,0.830005,0.876655
"{'classifier': GradientBoostingClassifier(), 'classifier__learning_rate': 0.1, 'classifier__max_depth': 10, 'classifier__n_estimators': 50}",0.878655,0.915584,0.798571,0.838887,0.878599
"{'classifier': GradientBoostingClassifier(), 'classifier__learning_rate': 0.1, 'classifier__max_depth': 10, 'classifier__n_estimators': 100}",0.878655,0.907892,0.818571,0.838338,0.889484
"{'classifier': GradientBoostingClassifier(), 'classifier__learning_rate': 0.1, 'classifier__max_depth': 10, 'classifier__n_estimators': 200}",0.873099,0.907892,0.798571,0.831745,0.905619
"{'classifier': GradientBoostingClassifier(), 'classifier__learning_rate': 0.01, 'classifier__max_depth': 3, 'classifier__n_estimators': 50}",0.872807,0.947727,0.727143,0.837042,0.89893
"{'classifier': GradientBoostingClassifier(), 'classifier__learning_rate': 0.01, 'classifier__max_depth': 3, 'classifier__n_estimators': 100}",0.889766,0.924559,0.818571,0.851671,0.911132
"{'classifier': GradientBoostingClassifier(), 'classifier__learning_rate': 0.01, 'classifier__max_depth': 3, 'classifier__n_estimators': 200}",0.889766,0.924559,0.818571,0.851671,0.924369
"{'classifier': GradientBoostingClassifier(), 'classifier__learning_rate': 0.01, 'classifier__max_depth': 5, 'classifier__n_estimators': 50}",0.861988,0.932251,0.727143,0.821818,0.879345
"{'classifier': GradientBoostingClassifier(), 'classifier__learning_rate': 0.01, 'classifier__max_depth': 5, 'classifier__n_estimators': 100}",0.889766,0.932251,0.798571,0.852221,0.842991
"{'classifier': GradientBoostingClassifier(), 'classifier__learning_rate': 0.01, 'classifier__max_depth': 5, 'classifier__n_estimators': 200}",0.884211,0.932251,0.784286,0.845169,0.845915
"{'classifier': GradientBoostingClassifier(), 'classifier__learning_rate': 0.01, 'classifier__max_depth': 10, 'classifier__n_estimators': 50}",0.856433,0.923918,0.727143,0.816818,0.872825
"{'classifier': GradientBoostingClassifier(), 'classifier__learning_rate': 0.01, 'classifier__max_depth': 10, 'classifier__n_estimators': 100}",0.884211,0.923918,0.798571,0.847221,0.865153
"{'classifier': GradientBoostingClassifier(), 'classifier__learning_rate': 0.01, 'classifier__max_depth': 10, 'classifier__n_estimators': 200}",0.878655,0.915584,0.798571,0.838887,0.875878
"{'classifier': GradientBoostingClassifier(), 'classifier__learning_rate': 0.001, 'classifier__max_depth': 3, 'classifier__n_estimators': 50}",0.662573,1,0,0.662573,0.875848
"{'classifier': GradientBoostingClassifier(), 'classifier__learning_rate': 0.001, 'classifier__max_depth': 3, 'classifier__n_estimators': 100}",0.662573,1,0,0.662573,0.874549
"{'classifier': GradientBoostingClassifier(), 'classifier__learning_rate': 0.001, 'classifier__max_depth': 3, 'classifier__n_estimators': 200}",0.662573,1,0,0.662573,0.874549
"{'classifier': GradientBoostingClassifier(), 'classifier__learning_rate': 0.001, 'classifier__max_depth': 5, 'classifier__n_estimators': 50}",0.662573,1,0,0.662573,0.871948
"{'classifier': GradientBoostingClassifier(), 'classifier__learning_rate': 0.001, 'classifier__max_depth': 5, 'classifier__n_estimators': 100}",0.662573,1,0,0.662573,0.868052
"{'classifier': GradientBoostingClassifier(), 'classifier__learning_rate': 0.001, 'classifier__max_depth': 5, 'classifier__n_estimators': 200}",0.662573,1,0,0.662573,0.876743
"{'classifier': GradientBoostingClassifier(), 'classifier__learning_rate': 0.001, 'classifier__max_depth': 10, 'classifier__n_estimators': 50}",0.662573,1,0,0.662573,0.877441
"{'classifier': GradientBoostingClassifier(), 'classifier__learning_rate': 0.001, 'classifier__max_depth': 10, 'classifier__n_estimators': 100}",0.662573,1,0,0.662573,0.874843
"{'classifier': GradientBoostingClassifier(), 'classifier__learning_rate': 0.001, 'classifier__max_depth': 10, 'classifier__n_estimators': 200}",0.662573,1,0,0.662573,0.876806
"{'classifier': XGBClassifier(base_score=None, booster=None, callbacks=None,
              colsample_bylevel=None, colsample_bynode=None,
              colsample_bytree=None, device=None, early_stopping_rounds=None,
              enable_categorical=False, eval_metric=None, feature_types=None,
              gamma=None, grow_policy=None, importance_type=None,
              interaction_constraints=None, learning_rate=None, max_bin=None,
              max_cat_threshold=None, max_cat_to_onehot=None,
              max_delta_step=None, max_depth=None, max_leaves=None,
              min_child_weight=None, missing=nan, monotone_constraints=None,
              multi_strategy=None, n_estimators=None, n_jobs=None,
              num_parallel_tree=None, random_state=None, ...), 'classifier__learning_rate': 0.1, 'classifier__max_depth': 3, 'classifier__n_estimators': 50}",0.889766,0.923918,0.815238,0.848649,0.932397
"{'classifier': XGBClassifier(base_score=None, booster=None, callbacks=None,
              colsample_bylevel=None, colsample_bynode=None,
              colsample_bytree=None, device=None, early_stopping_rounds=None,
              enable_categorical=False, eval_metric=None, feature_types=None,
              gamma=None, grow_policy=None, importance_type=None,
              interaction_constraints=None, learning_rate=None, max_bin=None,
              max_cat_threshold=None, max_cat_to_onehot=None,
              max_delta_step=None, max_depth=None, max_leaves=None,
              min_child_weight=None, missing=nan, monotone_constraints=None,
              multi_strategy=None, n_estimators=None, n_jobs=None,
              num_parallel_tree=None, random_state=None, ...), 'classifier__learning_rate': 0.1, 'classifier__max_depth': 3, 'classifier__n_estimators': 100}",0.884211,0.915584,0.815238,0.841506,0.920773
"{'classifier': XGBClassifier(base_score=None, booster=None, callbacks=None,
              colsample_bylevel=None, colsample_bynode=None,
              colsample_bytree=None, device=None, early_stopping_rounds=None,
              enable_categorical=False, eval_metric=None, feature_types=None,
              gamma=None, grow_policy=None, importance_type=None,
              interaction_constraints=None, learning_rate=None, max_bin=None,
              max_cat_threshold=None, max_cat_to_onehot=None,
              max_delta_step=None, max_depth=None, max_leaves=None,
              min_child_weight=None, missing=nan, monotone_constraints=None,
              multi_strategy=None, n_estimators=None, n_jobs=None,
              num_parallel_tree=None, random_state=None, ...), 'classifier__learning_rate': 0.1, 'classifier__max_depth': 3, 'classifier__n_estimators': 200}",0.900877,0.923918,0.849524,0.865316,0.916696
"{'classifier': XGBClassifier(base_score=None, booster=None, callbacks=None,
              colsample_bylevel=None, colsample_bynode=None,
              colsample_bytree=None, device=None, early_stopping_rounds=None,
              enable_categorical=False, eval_metric=None, feature_types=None,
              gamma=None, grow_policy=None, importance_type=None,
              interaction_constraints=None, learning_rate=None, max_bin=None,
              max_cat_threshold=None, max_cat_to_onehot=None,
              max_delta_step=None, max_depth=None, max_leaves=None,
              min_child_weight=None, missing=nan, monotone_constraints=None,
              multi_strategy=None, n_estimators=None, n_jobs=None,
              num_parallel_tree=None, random_state=None, ...), 'classifier__learning_rate': 0.1, 'classifier__max_depth': 5, 'classifier__n_estimators': 50}",0.900877,0.932251,0.835238,0.864125,0.929484
"{'classifier': XGBClassifier(base_score=None, booster=None, callbacks=None,
              colsample_bylevel=None, colsample_bynode=None,
              colsample_bytree=None, device=None, early_stopping_rounds=None,
              enable_categorical=False, eval_metric=None, feature_types=None,
              gamma=None, grow_policy=None, importance_type=None,
              interaction_constraints=None, learning_rate=None, max_bin=None,
              max_cat_threshold=None, max_cat_to_onehot=None,
              max_delta_step=None, max_depth=None, max_leaves=None,
              min_child_weight=None, missing=nan, monotone_constraints=None,
              multi_strategy=None, n_estimators=None, n_jobs=None,
              num_parallel_tree=None, random_state=None, ...), 'classifier__learning_rate': 0.1, 'classifier__max_depth': 5, 'classifier__n_estimators': 100}",0.889766,0.915584,0.835238,0.848649,0.921052
"{'classifier': XGBClassifier(base_score=None, booster=None, callbacks=None,
              colsample_bylevel=None, colsample_bynode=None,
              colsample_bytree=None, device=None, early_stopping_rounds=None,
              enable_categorical=False, eval_metric=None, feature_types=None,
              gamma=None, grow_policy=None, importance_type=None,
              interaction_constraints=None, learning_rate=None, max_bin=None,
              max_cat_threshold=None, max_cat_to_onehot=None,
              max_delta_step=None, max_depth=None, max_leaves=None,
              min_child_weight=None, missing=nan, monotone_constraints=None,
              multi_strategy=None, n_estimators=None, n_jobs=None,
              num_parallel_tree=None, random_state=None, ...), 'classifier__learning_rate': 0.1, 'classifier__max_depth': 5, 'classifier__n_estimators': 200}",0.884211,0.907892,0.835238,0.840957,0.919533
"{'classifier': XGBClassifier(base_score=None, booster=None, callbacks=None,
              colsample_bylevel=None, colsample_bynode=None,
              colsample_bytree=None, device=None, early_stopping_rounds=None,
              enable_categorical=False, eval_metric=None, feature_types=None,
              gamma=None, grow_policy=None, importance_type=None,
              interaction_constraints=None, learning_rate=None, max_bin=None,
              max_cat_threshold=None, max_cat_to_onehot=None,
              max_delta_step=None, max_depth=None, max_leaves=None,
              min_child_weight=None, missing=nan, monotone_constraints=None,
              multi_strategy=None, n_estimators=None, n_jobs=None,
              num_parallel_tree=None, random_state=None, ...), 'classifier__learning_rate': 0.1, 'classifier__max_depth': 10, 'classifier__n_estimators': 50}",0.900877,0.932251,0.835238,0.864125,0.929484
"{'classifier': XGBClassifier(base_score=None, booster=None, callbacks=None,
              colsample_bylevel=None, colsample_bynode=None,
              colsample_bytree=None, device=None, early_stopping_rounds=None,
              enable_categorical=False, eval_metric=None, feature_types=None,
              gamma=None, grow_policy=None, importance_type=None,
              interaction_constraints=None, learning_rate=None, max_bin=None,
              max_cat_threshold=None, max_cat_to_onehot=None,
              max_delta_step=None, max_depth=None, max_leaves=None,
              min_child_weight=None, missing=nan, monotone_constraints=None,
              multi_strategy=None, n_estimators=None, n_jobs=None,
              num_parallel_tree=None, random_state=None, ...), 'classifier__learning_rate': 0.1, 'classifier__max_depth': 10, 'classifier__n_estimators': 100}",0.889766,0.915584,0.835238,0.848649,0.922551
"{'classifier': XGBClassifier(base_score=None, booster=None, callbacks=None,
              colsample_bylevel=None, colsample_bynode=None,
              colsample_bytree=None, device=None, early_stopping_rounds=None,
              enable_categorical=False, eval_metric=None, feature_types=None,
              gamma=None, grow_policy=None, importance_type=None,
              interaction_constraints=None, learning_rate=None, max_bin=None,
              max_cat_threshold=None, max_cat_to_onehot=None,
              max_delta_step=None, max_depth=None, max_leaves=None,
              min_child_weight=None, missing=nan, monotone_constraints=None,
              multi_strategy=None, n_estimators=None, n_jobs=None,
              num_parallel_tree=None, random_state=None, ...), 'classifier__learning_rate': 0.1, 'classifier__max_depth': 10, 'classifier__n_estimators': 200}",0.884211,0.907892,0.835238,0.840957,0.920922
"{'classifier': XGBClassifier(base_score=None, booster=None, callbacks=None,
              colsample_bylevel=None, colsample_bynode=None,
              colsample_bytree=None, device=None, early_stopping_rounds=None,
              enable_categorical=False, eval_metric=None, feature_types=None,
              gamma=None, grow_policy=None, importance_type=None,
              interaction_constraints=None, learning_rate=None, max_bin=None,
              max_cat_threshold=None, max_cat_to_onehot=None,
              max_delta_step=None, max_depth=None, max_leaves=None,
              min_child_weight=None, missing=nan, monotone_constraints=None,
              multi_strategy=None, n_estimators=None, n_jobs=None,
              num_parallel_tree=None, random_state=None, ...), 'classifier__learning_rate': 0.01, 'classifier__max_depth': 3, 'classifier__n_estimators': 50}",0.872807,0.956818,0.702381,0.835064,0.919586
"{'classifier': XGBClassifier(base_score=None, booster=None, callbacks=None,
              colsample_bylevel=None, colsample_bynode=None,
              colsample_bytree=None, device=None, early_stopping_rounds=None,
              enable_categorical=False, eval_metric=None, feature_types=None,
              gamma=None, grow_policy=None, importance_type=None,
              interaction_constraints=None, learning_rate=None, max_bin=None,
              max_cat_threshold=None, max_cat_to_onehot=None,
              max_delta_step=None, max_depth=None, max_leaves=None,
              min_child_weight=None, missing=nan, monotone_constraints=None,
              multi_strategy=None, n_estimators=None, n_jobs=None,
              num_parallel_tree=None, random_state=None, ...), 'classifier__learning_rate': 0.01, 'classifier__max_depth': 3, 'classifier__n_estimators': 100}",0.889766,0.925957,0.820952,0.852129,0.918227
"{'classifier': XGBClassifier(base_score=None, booster=None, callbacks=None,
              colsample_bylevel=None, colsample_bynode=None,
              colsample_bytree=None, device=None, early_stopping_rounds=None,
              enable_categorical=False, eval_metric=None, feature_types=None,
              gamma=None, grow_policy=None, importance_type=None,
              interaction_constraints=None, learning_rate=None, max_bin=None,
              max_cat_threshold=None, max_cat_to_onehot=None,
              max_delta_step=None, max_depth=None, max_leaves=None,
              min_child_weight=None, missing=nan, monotone_constraints=None,
              multi_strategy=None, n_estimators=None, n_jobs=None,
              num_parallel_tree=None, random_state=None, ...), 'classifier__learning_rate': 0.01, 'classifier__max_depth': 3, 'classifier__n_estimators': 200}",0.895322,0.925316,0.835238,0.856983,0.926403
"{'classifier': XGBClassifier(base_score=None, booster=None, callbacks=None,
              colsample_bylevel=None, colsample_bynode=None,
              colsample_bytree=None, device=None, early_stopping_rounds=None,
              enable_categorical=False, eval_metric=None, feature_types=None,
              gamma=None, grow_policy=None, importance_type=None,
              interaction_constraints=None, learning_rate=None, max_bin=None,
              max_cat_threshold=None, max_cat_to_onehot=None,
              max_delta_step=None, max_depth=None, max_leaves=None,
              min_child_weight=None, missing=nan, monotone_constraints=None,
              multi_strategy=None, n_estimators=None, n_jobs=None,
              num_parallel_tree=None, random_state=None, ...), 'classifier__learning_rate': 0.01, 'classifier__max_depth': 5, 'classifier__n_estimators': 50}",0.878363,0.949126,0.739048,0.840705,0.913777
"{'classifier': XGBClassifier(base_score=None, booster=None, callbacks=None,
              colsample_bylevel=None, colsample_bynode=None,
              colsample_bytree=None, device=None, early_stopping_rounds=None,
              enable_categorical=False, eval_metric=None, feature_types=None,
              gamma=None, grow_policy=None, importance_type=None,
              interaction_constraints=None, learning_rate=None, max_bin=None,
              max_cat_threshold=None, max_cat_to_onehot=None,
              max_delta_step=None, max_depth=None, max_leaves=None,
              min_child_weight=None, missing=nan, monotone_constraints=None,
              multi_strategy=None, n_estimators=None, n_jobs=None,
              num_parallel_tree=None, random_state=None, ...), 'classifier__learning_rate': 0.01, 'classifier__max_depth': 5, 'classifier__n_estimators': 100}",0.906433,0.941983,0.835238,0.8731,0.926669
"{'classifier': XGBClassifier(base_score=None, booster=None, callbacks=None,
              colsample_bylevel=None, colsample_bynode=None,
              colsample_bytree=None, device=None, early_stopping_rounds=None,
              enable_categorical=False, eval_metric=None, feature_types=None,
              gamma=None, grow_policy=None, importance_type=None,
              interaction_constraints=None, learning_rate=None, max_bin=None,
              max_cat_threshold=None, max_cat_to_onehot=None,
              max_delta_step=None, max_depth=None, max_leaves=None,
              min_child_weight=None, missing=nan, monotone_constraints=None,
              multi_strategy=None, n_estimators=None, n_jobs=None,
              num_parallel_tree=None, random_state=None, ...), 'classifier__learning_rate': 0.01, 'classifier__max_depth': 5, 'classifier__n_estimators': 200}",0.906433,0.941342,0.835238,0.872459,0.925704
"{'classifier': XGBClassifier(base_score=None, booster=None, callbacks=None,
              colsample_bylevel=None, colsample_bynode=None,
              colsample_bytree=None, device=None, early_stopping_rounds=None,
              enable_categorical=False, eval_metric=None, feature_types=None,
              gamma=None, grow_policy=None, importance_type=None,
              interaction_constraints=None, learning_rate=None, max_bin=None,
              max_cat_threshold=None, max_cat_to_onehot=None,
              max_delta_step=None, max_depth=None, max_leaves=None,
              min_child_weight=None, missing=nan, monotone_constraints=None,
              multi_strategy=None, n_estimators=None, n_jobs=None,
              num_parallel_tree=None, random_state=None, ...), 'classifier__learning_rate': 0.01, 'classifier__max_depth': 10, 'classifier__n_estimators': 50}",0.878363,0.949126,0.739048,0.840705,0.913777
"{'classifier': XGBClassifier(base_score=None, booster=None, callbacks=None,
              colsample_bylevel=None, colsample_bynode=None,
              colsample_bytree=None, device=None, early_stopping_rounds=None,
              enable_categorical=False, eval_metric=None, feature_types=None,
              gamma=None, grow_policy=None, importance_type=None,
              interaction_constraints=None, learning_rate=None, max_bin=None,
              max_cat_threshold=None, max_cat_to_onehot=None,
              max_delta_step=None, max_depth=None, max_leaves=None,
              min_child_weight=None, missing=nan, monotone_constraints=None,
              multi_strategy=None, n_estimators=None, n_jobs=None,
              num_parallel_tree=None, random_state=None, ...), 'classifier__learning_rate': 0.01, 'classifier__max_depth': 10, 'classifier__n_estimators': 100}",0.900877,0.941983,0.820952,0.866049,0.92537
"{'classifier': XGBClassifier(base_score=None, booster=None, callbacks=None,
              colsample_bylevel=None, colsample_bynode=None,
              colsample_bytree=None, device=None, early_stopping_rounds=None,
              enable_categorical=False, eval_metric=None, feature_types=None,
              gamma=None, grow_policy=None, importance_type=None,
              interaction_constraints=None, learning_rate=None, max_bin=None,
              max_cat_threshold=None, max_cat_to_onehot=None,
              max_delta_step=None, max_depth=None, max_leaves=None,
              min_child_weight=None, missing=nan, monotone_constraints=None,
              multi_strategy=None, n_estimators=None, n_jobs=None,
              num_parallel_tree=None, random_state=None, ...), 'classifier__learning_rate': 0.01, 'classifier__max_depth': 10, 'classifier__n_estimators': 200}",0.906433,0.941342,0.835238,0.872459,0.925704
"{'classifier': XGBClassifier(base_score=None, booster=None, callbacks=None,
              colsample_bylevel=None, colsample_bynode=None,
              colsample_bytree=None, device=None, early_stopping_rounds=None,
              enable_categorical=False, eval_metric=None, feature_types=None,
              gamma=None, grow_policy=None, importance_type=None,
              interaction_constraints=None, learning_rate=None, max_bin=None,
              max_cat_threshold=None, max_cat_to_onehot=None,
              max_delta_step=None, max_depth=None, max_leaves=None,
              min_child_weight=None, missing=nan, monotone_constraints=None,
              multi_strategy=None, n_estimators=None, n_jobs=None,
              num_parallel_tree=None, random_state=None, ...), 'classifier__learning_rate': 0.001, 'classifier__max_depth': 3, 'classifier__n_estimators': 50}",0.662573,1,0,0.662573,0.908042
"{'classifier': XGBClassifier(base_score=None, booster=None, callbacks=None,
              colsample_bylevel=None, colsample_bynode=None,
              colsample_bytree=None, device=None, early_stopping_rounds=None,
              enable_categorical=False, eval_metric=None, feature_types=None,
              gamma=None, grow_policy=None, importance_type=None,
              interaction_constraints=None, learning_rate=None, max_bin=None,
              max_cat_threshold=None, max_cat_to_onehot=None,
              max_delta_step=None, max_depth=None, max_leaves=None,
              min_child_weight=None, missing=nan, monotone_constraints=None,
              multi_strategy=None, n_estimators=None, n_jobs=None,
              num_parallel_tree=None, random_state=None, ...), 'classifier__learning_rate': 0.001, 'classifier__max_depth': 3, 'classifier__n_estimators': 100}",0.662573,1,0,0.662573,0.911888
"{'classifier': XGBClassifier(base_score=None, booster=None, callbacks=None,
              colsample_bylevel=None, colsample_bynode=None,
              colsample_bytree=None, device=None, early_stopping_rounds=None,
              enable_categorical=False, eval_metric=None, feature_types=None,
              gamma=None, grow_policy=None, importance_type=None,
              interaction_constraints=None, learning_rate=None, max_bin=None,
              max_cat_threshold=None, max_cat_to_onehot=None,
              max_delta_step=None, max_depth=None, max_leaves=None,
              min_child_weight=None, missing=nan, monotone_constraints=None,
              multi_strategy=None, n_estimators=None, n_jobs=None,
              num_parallel_tree=None, random_state=None, ...), 'classifier__learning_rate': 0.001, 'classifier__max_depth': 3, 'classifier__n_estimators': 200}",0.662573,1,0,0.662573,0.911888
"{'classifier': XGBClassifier(base_score=None, booster=None, callbacks=None,
              colsample_bylevel=None, colsample_bynode=None,
              colsample_bytree=None, device=None, early_stopping_rounds=None,
              enable_categorical=False, eval_metric=None, feature_types=None,
              gamma=None, grow_policy=None, importance_type=None,
              interaction_constraints=None, learning_rate=None, max_bin=None,
              max_cat_threshold=None, max_cat_to_onehot=None,
              max_delta_step=None, max_depth=None, max_leaves=None,
              min_child_weight=None, missing=nan, monotone_constraints=None,
              multi_strategy=None, n_estimators=None, n_jobs=None,
              num_parallel_tree=None, random_state=None, ...), 'classifier__learning_rate': 0.001, 'classifier__max_depth': 5, 'classifier__n_estimators': 50}",0.662573,1,0,0.662573,0.906503
"{'classifier': XGBClassifier(base_score=None, booster=None, callbacks=None,
              colsample_bylevel=None, colsample_bynode=None,
              colsample_bytree=None, device=None, early_stopping_rounds=None,
              enable_categorical=False, eval_metric=None, feature_types=None,
              gamma=None, grow_policy=None, importance_type=None,
              interaction_constraints=None, learning_rate=None, max_bin=None,
              max_cat_threshold=None, max_cat_to_onehot=None,
              max_delta_step=None, max_depth=None, max_leaves=None,
              min_child_weight=None, missing=nan, monotone_constraints=None,
              multi_strategy=None, n_estimators=None, n_jobs=None,
              num_parallel_tree=None, random_state=None, ...), 'classifier__learning_rate': 0.001, 'classifier__max_depth': 5, 'classifier__n_estimators': 100}",0.662573,1,0,0.662573,0.91035
"{'classifier': XGBClassifier(base_score=None, booster=None, callbacks=None,
              colsample_bylevel=None, colsample_bynode=None,
              colsample_bytree=None, device=None, early_stopping_rounds=None,
              enable_categorical=False, eval_metric=None, feature_types=None,
              gamma=None, grow_policy=None, importance_type=None,
              interaction_constraints=None, learning_rate=None, max_bin=None,
              max_cat_threshold=None, max_cat_to_onehot=None,
              max_delta_step=None, max_depth=None, max_leaves=None,
              min_child_weight=None, missing=nan, monotone_constraints=None,
              multi_strategy=None, n_estimators=None, n_jobs=None,
              num_parallel_tree=None, random_state=None, ...), 'classifier__learning_rate': 0.001, 'classifier__max_depth': 5, 'classifier__n_estimators': 200}",0.662573,1,0,0.662573,0.91035
"{'classifier': XGBClassifier(base_score=None, booster=None, callbacks=None,
              colsample_bylevel=None, colsample_bynode=None,
              colsample_bytree=None, device=None, early_stopping_rounds=None,
              enable_categorical=False, eval_metric=None, feature_types=None,
              gamma=None, grow_policy=None, importance_type=None,
              interaction_constraints=None, learning_rate=None, max_bin=None,
              max_cat_threshold=None, max_cat_to_onehot=None,
              max_delta_step=None, max_depth=None, max_leaves=None,
              min_child_weight=None, missing=nan, monotone_constraints=None,
              multi_strategy=None, n_estimators=None, n_jobs=None,
              num_parallel_tree=None, random_state=None, ...), 'classifier__learning_rate': 0.001, 'classifier__max_depth': 10, 'classifier__n_estimators': 50}",0.662573,1,0,0.662573,0.906503
"{'classifier': XGBClassifier(base_score=None, booster=None, callbacks=None,
              colsample_bylevel=None, colsample_bynode=None,
              colsample_bytree=None, device=None, early_stopping_rounds=None,
              enable_categorical=False, eval_metric=None, feature_types=None,
              gamma=None, grow_policy=None, importance_type=None,
              interaction_constraints=None, learning_rate=None, max_bin=None,
              max_cat_threshold=None, max_cat_to_onehot=None,
              max_delta_step=None, max_depth=None, max_leaves=None,
              min_child_weight=None, missing=nan, monotone_constraints=None,
              multi_strategy=None, n_estimators=None, n_jobs=None,
              num_parallel_tree=None, random_state=None, ...), 'classifier__learning_rate': 0.001, 'classifier__max_depth': 10, 'classifier__n_estimators': 100}",0.662573,1,0,0.662573,0.91035
"{'classifier': XGBClassifier(base_score=None, booster=None, callbacks=None,
              colsample_bylevel=None, colsample_bynode=None,
              colsample_bytree=None, device=None, early_stopping_rounds=None,
              enable_categorical=False, eval_metric=None, feature_types=None,
              gamma=None, grow_policy=None, importance_type=None,
              interaction_constraints=None, learning_rate=None, max_bin=None,
              max_cat_threshold=None, max_cat_to_onehot=None,
              max_delta_step=None, max_depth=None, max_leaves=None,
              min_child_weight=None, missing=nan, monotone_constraints=None,
              multi_strategy=None, n_estimators=None, n_jobs=None,
              num_parallel_tree=None, random_state=None, ...), 'classifier__learning_rate': 0.001, 'classifier__max_depth': 10, 'classifier__n_estimators': 200}",0.662573,1,0,0.662573,0.91035
"{'classifier': LGBMClassifier(), 'classifier__learning_rate': 0.1, 'classifier__max_depth': 3, 'classifier__n_estimators': 50, 'classifier__num_leaves': 1024}",0.889766,0.923918,0.815238,0.850243,0.940554
"{'classifier': LGBMClassifier(), 'classifier__learning_rate': 0.1, 'classifier__max_depth': 3, 'classifier__n_estimators': 100, 'classifier__num_leaves': 1024}",0.889766,0.92619,0.815238,0.850389,0.931243
"{'classifier': LGBMClassifier(), 'classifier__learning_rate': 0.1, 'classifier__max_depth': 3, 'classifier__n_estimators': 200, 'classifier__num_leaves': 1024}",0.900877,0.942857,0.815238,0.865865,0.920072
"{'classifier': LGBMClassifier(), 'classifier__learning_rate': 0.1, 'classifier__max_depth': 5, 'classifier__n_estimators': 50, 'classifier__num_leaves': 1024}",0.878655,0.92316,0.778571,0.836671,0.932242
"{'classifier': LGBMClassifier(), 'classifier__learning_rate': 0.1, 'classifier__max_depth': 5, 'classifier__n_estimators': 100, 'classifier__num_leaves': 1024}",0.878655,0.915584,0.795238,0.834125,0.915877
"{'classifier': LGBMClassifier(), 'classifier__learning_rate': 0.1, 'classifier__max_depth': 5, 'classifier__n_estimators': 200, 'classifier__num_leaves': 1024}",0.878655,0.916342,0.795238,0.835316,0.919863
"{'classifier': LGBMClassifier(), 'classifier__learning_rate': 0.1, 'classifier__max_depth': 10, 'classifier__n_estimators': 50, 'classifier__num_leaves': 1024}",0.878655,0.92316,0.778571,0.836049,0.938047
"{'classifier': LGBMClassifier(), 'classifier__learning_rate': 0.1, 'classifier__max_depth': 10, 'classifier__n_estimators': 100, 'classifier__num_leaves': 1024}",0.884211,0.915584,0.815238,0.840316,0.921732
"{'classifier': LGBMClassifier(), 'classifier__learning_rate': 0.1, 'classifier__max_depth': 10, 'classifier__n_estimators': 200, 'classifier__num_leaves': 1024}",0.884211,0.907251,0.835238,0.840316,0.917206
"{'classifier': LGBMClassifier(), 'classifier__learning_rate': 0.01, 'classifier__max_depth': 3, 'classifier__n_estimators': 50, 'classifier__num_leaves': 1024}",0.872807,0.967308,0.69381,0.838727,0.93552
"{'classifier': LGBMClassifier(), 'classifier__learning_rate': 0.01, 'classifier__max_depth': 3, 'classifier__n_estimators': 100, 'classifier__num_leaves': 1024}",0.878363,0.967308,0.708095,0.843965,0.936344
"{'classifier': LGBMClassifier(), 'classifier__learning_rate': 0.01, 'classifier__max_depth': 3, 'classifier__n_estimators': 200, 'classifier__num_leaves': 1024}",0.850877,0.890351,0.767619,0.802019,0.94041
"{'classifier': LGBMClassifier(), 'classifier__learning_rate': 0.01, 'classifier__max_depth': 5, 'classifier__n_estimators': 50, 'classifier__num_leaves': 1024}",0.872807,0.967308,0.69381,0.838727,0.932143
"{'classifier': LGBMClassifier(), 'classifier__learning_rate': 0.01, 'classifier__max_depth': 5, 'classifier__n_estimators': 100, 'classifier__num_leaves': 1024}",0.872807,0.967308,0.69381,0.838727,0.934306
"{'classifier': LGBMClassifier(), 'classifier__learning_rate': 0.01, 'classifier__max_depth': 5, 'classifier__n_estimators': 200, 'classifier__num_leaves': 1024}",0.861988,0.907135,0.767619,0.817019,0.940195
"{'classifier': LGBMClassifier(), 'classifier__learning_rate': 0.01, 'classifier__max_depth': 10, 'classifier__n_estimators': 50, 'classifier__num_leaves': 1024}",0.872807,0.967308,0.69381,0.838727,0.932143
"{'classifier': LGBMClassifier(), 'classifier__learning_rate': 0.01, 'classifier__max_depth': 10, 'classifier__n_estimators': 100, 'classifier__num_leaves': 1024}",0.872807,0.967308,0.69381,0.838727,0.934306
"{'classifier': LGBMClassifier(), 'classifier__learning_rate': 0.01, 'classifier__max_depth': 10, 'classifier__n_estimators': 200, 'classifier__num_leaves': 1024}",0.861988,0.907135,0.767619,0.817019,0.938896
"{'classifier': LGBMClassifier(), 'classifier__learning_rate': 0.001, 'classifier__max_depth': 3, 'classifier__n_estimators': 50, 'classifier__num_leaves': 1024}",0.662573,1,0,0.662573,0.901678
"{'classifier': LGBMClassifier(), 'classifier__learning_rate': 0.001, 'classifier__max_depth': 3, 'classifier__n_estimators': 100, 'classifier__num_leaves': 1024}",0.662573,1,0,0.662573,0.906268
"{'classifier': LGBMClassifier(), 'classifier__learning_rate': 0.001, 'classifier__max_depth': 3, 'classifier__n_estimators': 200, 'classifier__num_leaves': 1024}",0.662573,1,0,0.662573,0.924755
"{'classifier': LGBMClassifier(), 'classifier__learning_rate': 0.001, 'classifier__max_depth': 5, 'classifier__n_estimators': 50, 'classifier__num_leaves': 1024}",0.662573,1,0,0.662573,0.901418
"{'classifier': LGBMClassifier(), 'classifier__learning_rate': 0.001, 'classifier__max_depth': 5, 'classifier__n_estimators': 100, 'classifier__num_leaves': 1024}",0.662573,1,0,0.662573,0.908866
"{'classifier': LGBMClassifier(), 'classifier__learning_rate': 0.001, 'classifier__max_depth': 5, 'classifier__n_estimators': 200, 'classifier__num_leaves': 1024}",0.662573,1,0,0.662573,0.923067
"{'classifier': LGBMClassifier(), 'classifier__learning_rate': 0.001, 'classifier__max_depth': 10, 'classifier__n_estimators': 50, 'classifier__num_leaves': 1024}",0.662573,1,0,0.662573,0.901418
"{'classifier': LGBMClassifier(), 'classifier__learning_rate': 0.001, 'classifier__max_depth': 10, 'classifier__n_estimators': 100, 'classifier__num_leaves': 1024}",0.662573,1,0,0.662573,0.908866
"{'classifier': LGBMClassifier(), 'classifier__learning_rate': 0.001, 'classifier__max_depth': 10, 'classifier__n_estimators': 200, 'classifier__num_leaves': 1024}",0.662573,1,0,0.662573,0.923067
"{'classifier': BaggingClassifier(), 'classifier__estimator': DecisionTreeClassifier(max_depth=5), 'classifier__n_estimators': 10}",0.873099,0.907135,0.798571,0.829455,0.935256
"{'classifier': BaggingClassifier(), 'classifier__estimator': DecisionTreeClassifier(max_depth=5), 'classifier__n_estimators': 50}",0.873099,0.906494,0.804286,0.82962,0.926968
"{'classifier': BaggingClassifier(), 'classifier__estimator': DecisionTreeClassifier(max_depth=5), 'classifier__n_estimators': 100}",0.889766,0.932251,0.798571,0.852221,0.925909
"{'classifier': BaggingClassifier(), 'classifier__estimator': LogisticRegression(C=0.1, penalty='l1', solver='liblinear'), 'classifier__n_estimators': 10}",0.662573,1,0,0.662573,0.565749
"{'classifier': BaggingClassifier(), 'classifier__estimator': LogisticRegression(C=0.1, penalty='l1', solver='liblinear'), 'classifier__n_estimators': 50}",0.662573,1,0,0.662573,0.589448
"{'classifier': BaggingClassifier(), 'classifier__estimator': LogisticRegression(C=0.1, penalty='l1', solver='liblinear'), 'classifier__n_estimators': 100}",0.662573,1,0,0.662573,0.584665
